Designator,Footprint,Quantity,Value,LCSC Part #
BT1,BatteryHolder_Keystone_1060_1x2032,1,Battery_Cell,
"C1, C10, C11, C13, C14, C15, C16, C17, C18, C2, C20, C25, C26, C27, C28, C29, C30, C31, C5, C8",0603,20,100n,
C12,CP_Radial_D10.0mm_P5.00mm,1,1000u/25V,
C19,C_Disc_D16.0mm_W5.0mm_P10.00mm,1,C,
"C21, C22",0603,2,18p,
"C23, C24",0603,2,"12,5p",
"C3, C4, C6, C7",0805,4,27n,
C32,0603,1,1u,
C9,0805,1,10u,
"D1, D4, D5, D6",LED_D5.0mm,4,LED,
D2,Diode_Bridge_Vishay_DFS,1,D_Bridge_+-AA,
D3,SOT-23-3,1,D_Schottky_Dual_CommonCathode_AAK,
F1,BK2-S-4201-1-R,1,Fuse 20A,
F2,Fuseholder5x20_horiz_open_universal_Type-III,1,T500mA,
F3,Fuseholder5x20_horiz_open_universal_Type-III,1,T100mA,
FB1,0603,1,FerriteBead,
"H1, H2, H3, H4",MountingHole_4.3mm_M4_Pad_Via,4,MountingHole,
"J1, J2",TerminalBlock_bornier-3_P5.08mm,2,Conn_01x03_Male,
J10,PinHeader_1x07_P2.54mm_Vertical,1,Conn_01x07_Pin,
J3,TerminalBlock_bornier-2_P5.08mm,1,Conn_01x02_Male,
J4,USB_B_OST_USB-B1HSxx_Horizontal,1,USB_B,
J6,PinHeader_2x05_P1.27mm_Vertical_SMD,1,Conn_ARM_JTAG_SWD_10,
J7,PinHeader_1x05_P2.54mm_Vertical,1,Conn_01x05_Pin,
J8,SD_TE_2041021,1,SD_Card,
J9,PinHeader_1x04_P2.54mm_Vertical,1,Conn_01x04_Pin,
JP1,SolderJumper-2_P1.3mm_Bridged_RoundedPad1.0x1.5mm,1,Jumper_2_Bridged,
Q1,SOT-23-3,1,Q_PMOS_GSD,
"R1, R12, R13, R16, R22, R24, R25, R29",0603,8,10k,
"R10, R11, R14, R15",0603,4,24R,
"R17, R18, R19, R20, R21, R30",0603,6,100R,
"R2, R3",0805,2,25R,
R23,0603,1,390R,
"R26, R27, R28",0603,3,33R,
R31,R_Radial_Power_L13.0mm_W9.0mm_P5.00mm,1,100k; 300V,
"R4, R5, R8",0603,3,1k,
R6,1206,1,50R,
R7,R_Axial_DIN0309_L9.0mm_D3.2mm_P20.32mm_Horizontal,1,"450R, 0,25W",
R9,0603,1,470R,
"SW1, SW2, SW3, SW5",SW_SPST_Omron_B3F-315x_Angled,4,SW_Push,
SW4,mains_switch,1,SW_DPST,
T2,TA14Z-400,1,TA14Z-400,
T3,Transformer_Breve_TEZ-38x45,1,"TEZ 6,0/D 230/7,5V",
TR1,TV19E,1,TV19E,
U1,SOIC-16_3.9x9.9mm_P1.27mm,1,CS5490,
U3,TO-220-3_Vertical,1,LMS8117A,
U4,SOIC-16W_7.5x10.3mm_P1.27mm,1,ADUM3160,
U5,LQFP-48_7x7mm_P0.5mm,1,STM32F103C8Tx,
Y1,Crystal_SMD_HC49-SD,1,"Crystal_4,096MHz",
Y2,Crystal_SMD_HC49-SD,1,Crystal_16M,
Y3,Crystal_SMD_Abracon_ABS25-4Pin_8.0x3.8mm,1,Crystal_32kHz,
